{"logits": [[1.2721294164657593, -1.291723370552063]], "loss": 2.6380391120910645}
