{"logits": [[0.7600492238998413, -0.5205875039100647]], "loss": 0.24518701434135437}
