{"logits": [[1.1277648210525513, -1.0848376750946045]], "loss": 2.3164360523223877}
{"logits": [[1.10094153881073, -0.996597409248352]], "loss": 2.213327169418335}
