{"logits": [[-0.08169269561767578, 0.1186484694480896]], "loss": 0.5979852676391602}
