{"logits": [[0.026886850595474243, 0.11785208433866501]], "loss": 0.6486985683441162}
