{
  "best_epoch": 1,
  "peak_worker_0_memory_MB": 1431.55078125,
  "peak_gpu_0_memory_MB": 6.26904296875,
  "training_duration": "0:00:13.362891",
  "training_start_epoch": 0,
  "training_epochs": 1,
  "epoch": 1,
  "training_precision": 0.5876288414001465,
  "training_recall": 0.11354582011699677,
  "training_f1": 0.19031718373298645,
  "training_loss": 0.459950820649745,
  "training_worker_0_memory_MB": 1431.55078125,
  "training_gpu_0_memory_MB": 6.26904296875,
  "validation_precision": 0.5555555820465088,
  "validation_recall": 0.10489510744810104,
  "validation_f1": 0.1764705926179886,
  "validation_loss": 0.49511460517533123,
  "best_validation_precision": 0.5555555820465088,
  "best_validation_recall": 0.10489510744810104,
  "best_validation_f1": 0.1764705926179886,
  "best_validation_loss": 0.49511460517533123
}