{
  "best_epoch": 1,
  "peak_worker_0_memory_MB": 1433.37109375,
  "peak_gpu_0_memory_MB": 6.26904296875,
  "training_duration": "0:00:26.436742",
  "training_start_epoch": 0,
  "training_epochs": 3,
  "epoch": 3,
  "training_precision": 0.7098901271820068,
  "training_recall": 0.3217131495475769,
  "training_f1": 0.44276902079582214,
  "training_loss": 0.391053088391047,
  "training_worker_0_memory_MB": 1433.37109375,
  "training_gpu_0_memory_MB": 6.26904296875,
  "validation_precision": 0.39393940567970276,
  "validation_recall": 0.09090909361839294,
  "validation_f1": 0.14772728085517883,
  "validation_loss": 0.564090000349097,
  "best_validation_precision": 0.5555555820465088,
  "best_validation_recall": 0.10489510744810104,
  "best_validation_f1": 0.1764705926179886,
  "best_validation_loss": 0.49511460517533123
}